id,title,original_title,overview,release_date,popularity,vote_average,vote_count,original_language,adult,poster_path,backdrop_path,genre_ids
1413602,WWE Raw on Netflix Premier Post-Show,WWE Raw on Netflix Premier Post-Show,"WWE Superstars and analysts break down a historic night with full reaction from the debut of Raw on Netflix including interviews, highlights and more.",2025-01-06,447.0546,6.5,1,en,False,,/xYI50zKRbX8pSul1x4zAMS6Tnl1.jpg,
507244,Afterburn,Afterburn,"Set against the backdrop of a postapocalyptic Earth whose Eastern Hemisphere was destroyed by a massive solar flare, leaving what life remains mutated from radiation and fallout. The story revolves around a group of treasure hunters who extract such objects as the Mona Lisa, the Rosetta Stone and the Crown Jewels while facing rival hunters, mutants and pirates.",2025-08-20,406.2517,6.437,64,en,False,/xR0IhVBjbNU34b8erhJCgRbjXo3.jpg,/kHOfxq7cMTXyLbj0UmdoGhT540O.jpg,"878,28,35"
1156594,Our Fault,Culpa nuestra,"Jenna and Lion's wedding brings about the long-awaited reunion between Noah and Nick after their breakup. Nick's inability to forgive Noah stands as an insurmountable barrier. He, heir to his grandfather's businesses, and she, starting her professional life, resist fueling a flame that's still alive. But now that their paths have crossed again, will love be stronger than resentment?",2025-10-15,300.237,7.613,429,es,False,/yzqHt4m1SeY9FbPrfZ0C2Hi9x1s.jpg,/7QirCB1o80NEFpQGlQRZerZbQEp.jpg,"10749,18"
755898,War of the Worlds,War of the Worlds,"Will Radford is a top analyst for Homeland Security who tracks potential threats through a mass surveillance program, until one day an attack by an unknown entity leads him to question whether the government is hiding something from him... and from the rest of the world.",2025-07-29,285.0059,4.342,663,en,False,/yvirUYrva23IudARHn3mMGVxWqM.jpg,/iZLqwEwUViJdSkGVjePGhxYzbDb.jpg,"878,53"
1305717,Hunting Grounds,Hunting Grounds,"Desperate to find refuge for her children, Chloe Marvino runs away from her Mafia tied husband, and finds shelter in a cabin with a recluse drifter named Jake. But as her husband's henchmen draw closer to her, it turns out that Jake is the biggest enemy of them all.",2025-05-16,250.7294,6.25,44,en,False,/cgZjpqRQt9sk6XMCwZ3B1NPAaoy.jpg,/1leYKN0DPNffpldGnCWnbXaiWoD.jpg,"28,53"
1306525,The Elixir,Abadi Nan Jaya,An elixir unleashes the undead in a village. A family at odds with one another must unite and fight to survive as their hometown collapses.,2025-10-22,236.9096,5.662,71,id,False,/wvWRCDR0wScmrJVAh2iipBSxkZw.jpg,/cNmGq1bfUDhrZEHvJ77zwiWfoNA.jpg,"27,53"
1311031,Demon Slayer: Kimetsu no Yaiba Infinity Castle,劇場版「鬼滅の刃」無限城編 第一章 猗窩座再来,"The Demon Slayer Corps are drawn into the Infinity Castle, where Tanjiro, Nezuko, and the Hashira face terrifying Upper Rank demons in a desperate fight as the final battle against Muzan Kibutsuji begins.",2025-07-18,232.9049,7.81,495,ja,False,/fWVSwgjpT2D78VUh6X8UBd2rorW.jpg,/1RgPyOhN4DRs225BGTlHJqCudII.jpg,"16,28,14,53"
1511789,Captain Hook - The Cursed Tides,Captain Hook - The Cursed Tides,"In the aftermath of a devastating defeat by his archnemesis Admiral Smee, the notorious Captain James Hook finds refuge in the coastal town of Eldritch Landing, where he forms an unlikely alliance with Silas Blackweather, a local blacksmith seeking retribution for his sister's murder. As they evade Smee's Redcoat Soldiers in the island's dense woodland, ruthless sword fights, ancient curses and conflicting motives will challenge their shared quest for revenge. Together, Hook and Silas navigate uncharted waters to confront the treacherous Admiral Smee, embarking on a journey that will redefine Captain Hook's enduring legacy.",2025-07-11,231.535,4.9,29,en,False,/bcP7FtskwsNp1ikpMQJzDPjofP5.jpg,/ygOR390GzOX5Quv0kAAcUNDG7fp.jpg,"12,28,27"
1290159,A House of Dynamite,A House of Dynamite,"When a single, unattributed missile is launched at the United States, a race begins to determine who is responsible and how to respond.",2025-10-02,231.0757,6.491,389,en,False,/AiJ8L90ftPAwVf3SDx7Fj9IMZoy.jpg,/5SVRVwBfHCIkffiq0MmbdvnHWSz.jpg,"53,10752"
604079,The Long Walk,The Long Walk,"In a dystopian, alternate-America ruled by a totalitarian regime, 50 teenage boys take part in a deadly annual walking contest, forced to maintain a minimum pace or be executed, until only one survivor remains.",2025-09-10,199.0164,6.912,528,en,False,/wobVTa99eW0ht6c1rNNzLkazPtR.jpg,/pcJft6lFWsJxutwpLHVYfmZRPQp.jpg,53
1280450,Stolen Girl,Stolen Girl,"In 1993, Maureen’s six-year-old daughter Amina is snuck out of the country by her ex-husband, Karim. After years of unsuccessful attempts to find her, Maureen intersects with a professional retriever of internationally abducted children who promises to help her find Amina in exchange for her collaboration.",2025-09-04,217.7794,6.4,54,en,False,/fZlNXEHZsBp7unqw009MeBbMv87.jpg,/qcDDn7WeKBenM4nLlOPXAeJ4hpg.jpg,"53,28,12"
861451,Martin,Martin,"Martin revolves around Lt. Brigadier Arjun Saxena, whose journey takes him from Pakistan to India to discover his real identity and fight against black market dealers, who are involved with terrorists to orchestrate massive attacks in the country.",2024-10-11,180.4901,3.167,12,kn,False,/bYe2ZjUhb4Kje0BpWE6kN34u2hv.jpg,/42xAe6kVeTjml9Tww6vRoWa5tay.jpg,"28,18,53"
1038392,The Conjuring: Last Rites,The Conjuring: Last Rites,Paranormal investigators Ed and Lorraine Warren take on one last terrifying case involving mysterious entities they must confront.,2025-09-03,164.8545,6.988,1162,en,False,/7JzOmJ1fIU43I3gLHYsY8UzNzjG.jpg,/tcBX2dtkNozZ0uDLVaxXrE6rqyN.jpg,27
1218925,Chainsaw Man - The Movie: Reze Arc,チェンソーマン レゼ篇,"In a brutal war between devils, hunters, and secret enemies, a mysterious girl named Reze has stepped into Denji's world, and he faces his deadliest battle yet, fueled by love in a world where survival knows no rules.",2025-09-19,166.4405,8.1,93,ja,False,/xdzLBZjCVSEsic7m7nJc4jNJZVW.jpg,/kfXgo2rMF1A19celCwLyQ4Xwpf8.jpg,"16,28,10749,14"
1519168,The Jester 2,The Jester 2,"When teen magician Max crosses paths with the sinister Jester on Halloween night, she must outsmart a supernatural killer whose magic is all too real and whose tricks always end up in blood.",2025-09-15,174.1542,6.9,19,en,False,/giV7FS7HGyxRbwqxudXPvv1RgXD.jpg,/yZtnGzfZER0QU7ZG4r4RaZAaXJH.jpg,"27,53,80"
1072699,Inside Furioza,Druga Furioza,"In the wake of murder, new Furioza leader Golden claims the reins of his violent and formidable hooligan gang and takes on a new focus across borders.",2025-10-14,156.0667,6.51,50,pl,False,/dbe1zKVKNBIczdmRcm7jxEphYLz.jpg,/2yo2k8CmgZxfBQYAZ8TnHIYzEme.jpg,"28,80,53"
1284120,The Ugly Stepsister,Den stygge stesøsteren,"In a fairy-tale kingdom where beauty is a brutal business, Elvira battles to compete with her incredibly beautiful stepsister, and she will go to any length to catch the prince’s eye.",2025-03-07,148.4004,7.271,527,no,False,/crX9rSg9EohybhkEe8iTQUCe55y.jpg,/eQV9rSQ6S1ja4lGTwHTnQuVhoG.jpg,"27,35,14,18"
7451,xXx,xXx,"Xander Cage is your standard adrenaline junkie with no fear and a lousy attitude. When the US Government ""recruits"" him to go on a mission, he's not exactly thrilled. His mission: to gather information on an organization that may just be planning the destruction of the world, led by the nihilistic Yorgi.",2002-08-09,146.2192,5.964,4608,en,False,/xeEw3eLeSFmJgXZzmF2Efww0q3s.jpg,/qwK9soQmmJ7kRdjLZVXblw3g7AQ.jpg,"28,12,53,80"
1197137,Black Phone 2,Black Phone 2,"Four years after escaping The Grabber, Finney Blake is struggling with his life after captivity. When his sister Gwen begins receiving calls in her dreams from the black phone and seeing disturbing visions of three boys being stalked at a winter camp, the siblings become determined to solve the mystery and confront a killer who has grown more powerful in death and more significant to them than either could imagine.",2025-10-15,147.83,7.1,158,en,False,/evbguUd1BwExQgXMjG9n9AHMQpN.jpg,/GNeuKnbZRZj5JhKfnJOPyKJuVA.jpg,"27,53"
1010581,My Fault,Culpa mía,"Noah must leave her city, boyfriend, and friends to move into William Leister's mansion, the flashy and wealthy husband of her mother Rafaela. As a proud and independent 17 year old, Noah resists living in a mansion surrounded by luxury. However, it is there where she meets Nick, her new stepbrother, and the clash of their strong personalities becomes evident from the very beginning.",2023-06-08,123.5726,7.769,3890,es,False,/w46Vw536HwNnEzOa7J24YH9DPRS.jpg,/oz4U9eA6ilYf1tyiVuGmkftdLac.jpg,"18,10749,53"
617126,The Fantastic 4: First Steps,The Fantastic 4: First Steps,"Against the vibrant backdrop of a 1960s-inspired, retro-futuristic world, Marvel's First Family is forced to balance their roles as heroes with the strength of their family bond, while defending Earth from a ravenous space god called Galactus and his enigmatic Herald, Silver Surfer.",2025-07-23,130.9804,7.108,2107,en,False,/cm8TNGBGG0aBfWj0LgrESHv8tir.jpg,/s94NjfKkcSczZ1FembwmQZwsuwY.jpg,"878,12"
803796,KPop Demon Hunters,KPop Demon Hunters,"When K-pop superstars Rumi, Mira and Zoey aren't selling out stadiums, they're using their secret powers to protect their fans from supernatural threats.",2025-06-20,127.2569,8.227,1772,en,False,/AjlRXTpRLAIiuofNqKcqrpUfPCZ.jpg,/w3Bi0wygeFQctn6AqFTwhGNXRwL.jpg,"14,10402,35,16"
338969,The Toxic Avenger Unrated,The Toxic Avenger Unrated,"When a downtrodden janitor, Winston Gooze, is exposed to a catastrophic toxic accident, he’s transformed into a new kind of hero: The Toxic Avenger. Now, Toxie must rise from outcast to savior, taking on ruthless corporate overlords and corrupt forces who threaten his son, his friends, and his community.",2025-08-28,126.4556,6.3,154,en,False,/sIonGSpGNtH72OzbJllPOEMNjVU.jpg,/5jHMDT9Jpu8U9ArKOLGyphhl5JF.jpg,"28,35,878"
793387,Holy Night: Demon Hunters,거룩한 밤: 데몬 헌터스,"When a devil-worshipping criminal network plunges Seoul into chaos, the police turn to Holy Night—a trio of supernatural demon hunters—to restore order and defeat the rising evil.",2025-04-30,111.0074,6.615,61,ko,False,/v3Mo77Qjp6pctpD4eJaNT6kFRSB.jpg,/5A01YSCPYoCOZOhh9tU7F3Htxkf.jpg,"28,14,27,53"
1362315,The Hand That Rocks the Cradle,The Hand That Rocks the Cradle,Suburban couple Caitlin and Miguel Morales hire seemingly sweet Polly to take care of their newborn baby. But Polly's true motives have little to do with singing lullabies — much to the horror of the couple.,2025-10-21,102.5201,5.7,34,en,False,/hH953zlL3xdEDpizAquISRrSm1P.jpg,/5mPpUkGYzjdZdTB1BE0rSQk0X2v.jpg,"53,27"
1156593,Your Fault,Culpa tuya,The love between Noah and Nick seems unwavering despite their parents' attempts to separate them. But his job and her entry into college open up their lives to new relationships that will shake the foundations of both their relationship and the Leister family itself.,2024-12-26,102.1976,7.146,1429,es,False,/1sQA7lfcF9yUyoLYC0e6Zo3jmxE.jpg,/k24eZq5I3jyz4htPkZCRpnUmBzE.jpg,"18,10749"
1086910,The Lost Princess,The Lost Princess,"After an Ayahuasca vision transports him to a haunted castle, Alec meets Hanna who tales him the story of her mother's forced marriage and how the forbidden passion with her father was in danger when the princess pregnancy became obvious",2025-10-16,100.3709,6.3,31,en,False,/31S2ISsDtbnxb0kuXZl1SxSMD0K.jpg,/ax2qCKU6tUhdkStiCnrDdXKA5xC.jpg,"28,12"
1244039,Butchers Book Two: Raghorn,Butchers Book Two: Raghorn,"Book one followed a family of sadistic butchers, living in the backcountry, who see anyone that crosses their path as dead meat. In “Butchers Book Two: Raghorn,” the story continues when an accident leaves the captors in the hands of brutal cannibals who plan to hack them up for meat.",2024-02-29,100.0341,3.4,12,en,False,/uSLYBuDTHpTAJI9vcm2brMu4J9H.jpg,/8BfXvZio7fB1FFWqB2Oz6tbi3ZX.jpg,27
1186350,Marco,മാർക്കോ,"The adoptive son of the Adattu family, Marco, sets off on a ruthless quest for vengeance after his brother is brutally murdered, finding only betrayal, loss and unimaginable brutality at every step.",2024-12-20,99.4549,6.609,78,ml,False,/il3ao5gcF6fZNqo1o9o7lusmEyU.jpg,/a6RkQIOZ6wThQOEDv6lHsfH53hD.jpg,"28,80,53"
1107216,Pets on a Train,Falcon Express,"When a train unexpectedly starts up, taking only pets with it, the animals discover that Hans, a badger with a grudge is behind it all. While the crash seems inevitable, the animals can count on Falcon, a roguish Raccoon who will do anything to save them.",2025-07-02,97.3114,7.0,7,fr,False,/xSibLTRfsUQagQnbOQLjp5oGbcq.jpg,/3Gjo73aMqNWxNdBa7PeEj7AXJ3E.jpg,"16,35,12,53"
1327862,Regretting You,Regretting You,"Morgan Grant and her daughter Clara explore what's left behind after a devastating accident reveals a shocking betrayal and forces them to confront family secrets, redefine love, and rediscover each other.",2025-10-22,94.1966,7.069,29,en,False,/z4gVnxTaks3anTycwKjDmvQSuWt.jpg,/dKPwnryTkgL0JihpQBnLvZTQnvT.jpg,"10749,18"
1010756,The Strangers: Chapter 2,The Strangers: Chapter 2,"When The Strangers learn that one of their victims, Maya, is still alive, they return to finish what they’ve started.",2025-09-25,92.6243,5.799,87,en,False,/aEk9jLbiKTVssdATbrF879NvyyJ.jpg,/sSaUmM4bnZJ7PW5dlyRi7iONB65.jpg,"27,53"
1202863,From Darkness,Ur mörkret,"Park ranger Angelica seeks the help of her dog handler ex-boyfriend, Viktor, to search for a missing woman in a dangerous nature reserve in Sweden. The search is complicated by a disturbing myth about the Cave Banshee, a vengeful spirit from the Nordic folklore that once lured miners to their deaths in the reserve's treacherous caves. As they delve deeper into the forest, Viktor starts to question his own sanity and whether the rumored Banshee is more than just a myth. To make matters worse, Angelica and Viktor share a painful history with the haunted place. Viktor must now confront his troubled past and work together with Angelica to survive the night and unravel the mystery behind the woman's disappearance.",2024-03-22,92.2263,6.3,12,sv,False,/mDuePf1neIsvsUfN9tlnNObwjZd.jpg,/8VZt1Uo07F3CMhzpl8BjIzVOdBh.jpg,"27,9648,53"
1257009,Primitive War,Primitive War,"During the Vietnam War, a recon unit ventures to an isolated jungle valley to uncover the fate of a missing platoon. They soon find themselves in a fight for their lives against an unexpected enemy — prehistoric dinosaurs.",2025-08-21,91.8412,6.854,140,en,False,/nWBqU5YXmDVJWWEDJ4u3ZSseNVL.jpg,/bWF5ImUscXXYia8owpm8coadR4m.jpg,"28,27,10752"
575265,Mission: Impossible - The Final Reckoning,Mission: Impossible - The Final Reckoning,"Ethan Hunt and team continue their search for the terrifying AI known as the Entity — which has infiltrated intelligence networks all over the globe — with the world's governments and a mysterious ghost from Hunt's past on their trail. Joined by new allies and armed with the means to shut the Entity down for good, Hunt is in a race against time to prevent the world as we know it from changing forever.",2025-05-17,90.9897,7.281,2017,en,False,/z53D72EAOxGRqdr7KXXWp9dJiDe.jpg,/538U9snNc2fpnOmYXAPUh3zn31H.jpg,"28,12,53"
1328402,The People In The Walls,The People In The Walls,A viral ritual allows three kids to conjure people from the walls as they must now try to put them back before it is too late.,2024-08-01,89.4592,4.25,4,en,False,/3NyL99rcDr5S4qQ8FXDwWiLujEE.jpg,/dHoRIZJgwA26zE5WKyEazKUoZAZ.jpg,"27,53,9648"
1078605,Weapons,Weapons,"When all but one child from the same class mysteriously vanish on the same night at exactly the same time, a community is left questioning who or what is behind their disappearance.",2025-08-04,88.4992,7.36,2091,en,False,/cpf7vsRZ0MYRQcnLWteD5jK9ymT.jpg,/Q2OajDi2kcO6yErb1IAyVDTKMs.jpg,"27,9648"
1061474,Superman,Superman,"Superman, a journalist in Metropolis, embarks on a journey to reconcile his Kryptonian heritage with his human upbringing as Clark Kent.",2025-07-09,87.1624,7.4,3696,en,False,/wPLysNDLffQLOVebZQCbXJEv6E6.jpg,/eGX66zonvc4bXg3rM08RUxdYSDx.jpg,"878,12,28"
1417,Pan's Labyrinth,El laberinto del fauno,"In post–civil war Spain, 10-year-old Ofelia moves with her pregnant mother to live under the control of her cruel stepfather. Drawn into a mysterious labyrinth, she meets a faun who reveals that she may be a lost princess from an underground kingdom. To return to her true father, she must complete a series of surreal and perilous tasks that blur the line between reality and fantasy.",2006-10-11,86.6242,7.757,11059,es,False,/z7xXihu5wHuSMWymq5VAulPVuvg.jpg,/6G6nqSW9S7EHA9HrYl0Z8uo2H7f.jpg,"14,18,10752"
949855,Black Mold,Black Mold,"Photographers Brooke Konrad and Tanner Behlman travel to rural, abandoned buildings to capture the inherent beauty of long-forgotten locations, but far from forgotten are the traumatic memories that surface in Brooke when they meet The Man Upstairs, an unsuspecting squatter. As tensions and uncertainties arise, Brooke must determine if this mysterious stranger will provide her the closure she so desperately seeks or let the fears of the past consume her.",2025-01-30,86.5925,4.0,8,en,False,/tEN12WSxepFqZmWEknBnrXoHDvL.jpg,/lOEdmapSjFaJBmxDU3aXQKnojZq.jpg,"27,53,18,10770"
941109,Play Dirty,Play Dirty,"Expert thief Parker gets a shot at a major heist, but to pull it off he and his team must outsmart a South American dictator, the New York mob, and the world's richest man.",2025-09-30,83.9098,6.643,387,en,False,/ovZ0zq0NwRghtWI1oLaM0lWuoEw.jpg,/k6tdiMTO39RQj3dhfspuzprfoe0.jpg,80
1267905,The Roses,The Roses,"Life seems easy for picture-perfect couple Ivy and Theo: successful careers, a loving marriage, great kids. But beneath the façade of their supposed ideal life, a storm is brewing – as Theo's career nosedives while Ivy's own ambitions take off, a tinderbox of fierce competition and hidden resentment ignites.",2025-08-27,83.7417,6.9,273,en,False,/98n5HnCJ5LnXKIMNP9SBfVNyxCE.jpg,/h4HSZjOeAoHQ3qPuy6x9Cyr69bS.jpg,"35,18,10749"
1291661,Tide,Tide,"Four friends race against the tide in a bay famous for its quicksands, but a lurking threat will aggravate the situation.",2024-09-12,82.6876,3.8,5,en,False,/47sKhC5xyh9oUYz4icO4MB8ern8.jpg,/xiOpqgjTevHBQmsQp5p21xBoBtI.jpg,27
1086260,The Astronaut,The Astronaut,"After returning from her first space mission, astronaut Sam Walker is placed under NASA’s care at a high security house for rehabilitation and medical testing. However, when disturbing occurrences begin happening around the property, she fears that something extraterrestrial has followed her back to Earth",2025-09-26,81.3164,5.925,60,en,False,/souvvkJHYhztC1UqZ8lEVUiJa3J.jpg,/8GP1eCp2C2izK9TMtIdYrr77ZaP.jpg,"27,878,53"
533533,TRON: Ares,TRON: Ares,"A highly sophisticated Program called Ares is sent from the digital world into the real world on a dangerous mission, marking humankind's first encounter with A.I. beings.",2025-10-08,78.0931,6.371,315,en,False,/chpWmskl3aKm1aTZqUHRCtviwPy.jpg,/np0dsehLDdbfyHFRtqCiL1GR0TQ.jpg,"878,12,28"
1109086,War 2,वॉर 2,"Years ago Agent Kabir went rogue, became India’s greatest villain ever.  As he descends further into the deepest shadows... India sends its deadliest, most lethal agent after him, Agent Vikram  A Special Units Officer who is more than Kabir’s equal and a relentless Terminator driven by his own demons, determined to put a bullet into Kabir’s skull.",2025-08-13,77.5738,5.351,37,hi,False,/2Yc8Kl2ldPpDzLrG2M5Ddv62FXB.jpg,/pKIRUTnwY3YYU9urSdsuobdcliP.jpg,"28,12,53"
1419027,Attack 13,วิญญาณเลขที่ 13,"Bussaba, a volleyball player who enjoyed bullying others, was found dead by hanging in a gym, causing chaos and horror among other team members.",2025-06-13,74.8018,6.5,4,th,False,/o0xLAwiQzrVrizykDKWeaqMj38E.jpg,/rC6ldrOrQGcCqgMOvAUV2Mi1Iw1.jpg,"27,53"
1234821,Jurassic World Rebirth,Jurassic World Rebirth,"Five years after the events of Jurassic World Dominion, covert operations expert Zora Bennett is contracted to lead a skilled team on a top-secret mission to secure genetic material from the world's three most massive dinosaurs. When Zora's operation intersects with a civilian family whose boating expedition was capsized, they all find themselves stranded on an island where they come face-to-face with a sinister, shocking discovery that's been hidden from the world for decades.",2025-07-01,74.6898,6.393,2382,en,False,/1RICxzeoNCAO5NpcRMIgg1XT6fm.jpg,/8fA0Gr4vJNPOd0jyqWKU7ef8DoH.jpg,"878,12,28"
927254,The Twits,The Twits,"When the meanest, nastiest villains pull a trick to take over their town, two brave children team up with a family of magical animals to bring them down.",2025-10-17,72.2159,6.5,43,en,False,/izYZGeOHhPWiga8Hb5P4JYfcH8T.jpg,/i4o2aPGlnsxfPmDPF5lmlgjScyv.jpg,"16,35,10751,14"
1535290,Host,แม่ซื้อ,"Ing is sent to Pinijkhun Reform School, an all-girls facility on a remote island. The only rule here is that everyone must obey orders.",2025-10-09,71.2466,6.0,8,th,False,/3AalQRe1NQkHmvHXrDePnB8JBtt.jpg,/2LzXxNrirJmUymYA9JRkbDomPcI.jpg,27
1499837,Fantasmagoría,Fantasmagoría,"Professor Jorge Ollot and Dr. Iris de Miguel have gathered a group of people, carefully chosen, with whom they will be isolated for a week in a secluded house. Their intention? To demonstrate that the paranormal exists, but that it is our own mind that provokes it.",,70.8472,0.0,0,es,False,/rJwBLXG4MXi3uPxb9pu0d0Dtlnt.jpg,,27
1062722,Frankenstein,Frankenstein,"Dr. Victor Frankenstein, a brilliant but egotistical scientist, brings a creature to life in a monstrous experiment that ultimately leads to the undoing of both the creator and his tragic creation.",2025-10-17,70.0347,7.91,61,en,False,/v9NLaLBbrkDwq44qG51v8T6sPuI.jpg,/sy7Y4jCDsGPCzoQIEmxqAgPjAgr.jpg,"18,27,878"
1330421,Bone Lake,Bone Lake,"A couple’s romantic vacation at a secluded lakeside estate is upended when they are forced to share the mansion with a mysterious and attractive couple. In this darkly hilarious and seductive horror story, a dream getaway spirals into a nightmarish maze of sex, lies, and manipulation, bringing terrifying secrets to light and triggering a bloody battle for survival.",2025-10-02,68.4966,5.804,23,en,False,/sGo5ti82LlydAZrvcsaj31iPuEI.jpg,/lNG7ci6dDP8rERyYIrV2vfjxXjC.jpg,"27,53,9648"
1328803,Prisoner of War,Prisoner of War,British RAF Wing Commander James Wright is captured by the Japanese during WWII and forced to fight in brutal hand-to-hand combat. The Japanese soldiers get more than they bargained for when Wright’s years of martial arts training in Hong Kong prove him to be a formidable opponent.,2025-09-19,68.1014,7.01,97,en,False,/1XET89sjRm9mUuHXhGIlKTNd5uD.jpg,/yGByIyqgJerCw7AAphTrTAlrdkJ.jpg,"28,10752,53,36"
1422096,Good Boy,Good Boy,"A loyal dog moves to a rural family home with his owner Todd, only to discover supernatural forces lurking in the shadows. As dark entities threaten his human companion, the brave pup must fight to protect the one he loves most.",2025-10-01,66.8133,7.027,169,en,False,/pvMHRi09ur2L1drXh2dXFtuMFgl.jpg,/y47aBf7GFdcwtdmCxEis14hPZS4.jpg,"27,53"
1327769,27 Nights,27 noches,"When a woman is admitted by her daughters to a psychiatric clinic for her carefree ways, an expert must judge if she is ill or simply wants to enjoy life.",2025-09-19,65.2316,6.156,16,es,False,/kVMUTLFbfQvNYdFHiexTDnSHntV.jpg,/28xIxuw60UNZ3Tsz1tT5Gg7MS67.jpg,35
1073079,Kill Her Goats,Kill Her Goats,"Audra's graduation gift is her dream house, but it soon becomes a living nightmare when some uninvited guests come to her homecoming party who aren't very subtle about the fact they don't approve of the home's new owner.",2023-04-28,64.3857,2.636,22,en,False,/mFzyMEQvKwf2rXxB1GsSocJfL11.jpg,/isbXrx57xAgPfKdTDjp8MrsF0ZX.jpg,27
1386827,Coyotes,Coyotes,"Trapped in their Hollywood Hills home, a family fights for survival when caught between a raging wildfire and a pack of savage coyotes. As the city loses power and chaos spreads, nature turns feral - and what starts as isolated attacks escalates into a terrifying siege they may not all survive.",2025-10-02,63.8714,5.684,19,en,False,/fSzs9ZXYcrln0FRrjGIPCjuB6En.jpg,/z7OrG1YBDEpGJ3awOnvk7BMZryE.jpg,"27,35"
1383557,Revival,Revival,Two robbers on the run end up in the clutches of a doctor who experiments on people to navigate the afterlife. What seems to be an innocuous foray into a scientific and existential revolution for humanity soon takes a turn for the worse.,2024-11-28,63.6973,5.0,1,en,False,/1XiRapIjZwJBOVj2ZH3kx74jyVb.jpg,/pX4CA2Ul2hnuTrQuq8gaXtJc49u.jpg,"27,53,878"
1087192,How to Train Your Dragon,How to Train Your Dragon,"On the rugged isle of Berk, where Vikings and dragons have been bitter enemies for generations, Hiccup stands apart, defying centuries of tradition when he befriends Toothless, a feared Night Fury dragon. Their unlikely bond reveals the true nature of dragons, challenging the very foundations of Viking society.",2025-06-06,63.3638,8.009,2104,en,False,/53dsJ3oEnBhTBVMigWJ9tkA5bzJ.jpg,/AeDzjt00Hfh9CuW7TIUdYBJmWYM.jpg,"14,10751,28,12"
1009640,Valiant One,Valiant One,"With tensions between North and South Korea, a US helicopter crashes on the North side. The survivors must work together to protect a civilian tech specialist and find their way out without the help of US military support.",2025-01-30,63.2937,6.641,64,en,False,/sT8Z14RDCAd6szzxzWFAU4xcMwg.jpg,/wPSZXVqe84X8SINvJGiKYZhkSG1.jpg,"10752,53,28"
1169210,The Mannequin,The Mannequin,"A stylist assistant investigates her sister's death in a historic LA building, only to face a vengeful ghost of a serial killer who dismembered victims decades ago. She must escape before she's next.",2025-08-24,62.7738,4.8,7,en,False,/oFTpB1gzS02LtrsenTWxOKbsMpM.jpg,/z6Pi72HrGhc50GDhDdREUTEh2xm.jpg,"27,53,80,9648"
1267319,Mantis,사마귀,"Mantis, an ace assassin, returns to the contract killer industry after a hiatus, encountering his trainee friend Jae-yi and a retired legendary killer Dok-go, who now runs the organization.",2025-09-26,61.3746,6.082,92,ko,False,/x6WLRwwddFKattMseWL3m7Geskd.jpg,/yOFqBpJ0PEkBdQqalDEaeOiaKbz.jpg,"28,80,53"
756999,The Black Phone,The Black Phone,"Finney Blake, a shy but clever 13-year-old boy, is abducted by a sadistic killer and trapped in a soundproof basement where screaming is of little use. When a disconnected phone on the wall begins to ring, Finney discovers that he can hear the voices of the killer’s previous victims. And they are dead set on making sure that what happened to them doesn’t happen to Finney.",2022-06-16,61.3326,7.55,5407,en,False,/p9ZUzCyy9wRTDuuQexkQ78R2BgF.jpg,/syKiIOqEoOi1Hb0Oh0n9cImcBab.jpg,"27,53"
1042834,Eden,Eden,"A group of disillusioned outsiders abandon modern society in search of a new beginning. Settling on a remote, uninhabited island, their utopian dream quickly unravels as they discover that the greatest threat isn’t the brutal climate or deadly wildlife, but each other.",2025-04-03,61.2882,6.785,317,en,False,/jbFEESMVbpJU8IjZBjiWGJdEsxR.jpg,/rz8NcfTRczvn94vpnmMx42zt6EC.jpg,"53,18"
354912,Coco,Coco,"Despite his family’s baffling generations-old ban on music, Miguel dreams of becoming an accomplished musician like his idol, Ernesto de la Cruz. Desperate to prove his talent, Miguel finds himself in the stunning and colorful Land of the Dead following a mysterious chain of events. Along the way, he meets charming trickster Hector, and together, they set off on an extraordinary journey to unlock the real story behind Miguel's family history.",2017-10-27,61.2471,8.2,20333,en,False,/6Ryitt95xrO8KXuqRGm1fUuNwqF.jpg,/wSJHuSD7ojzoXifWjOAjxV7UpEL.jpg,"10751,16,10402,12"
157336,Interstellar,Interstellar,The adventures of a group of explorers who make use of a newly discovered wormhole to surpass the limitations on human space travel and conquer the vast distances involved in an interstellar voyage.,2014-11-05,60.7595,8.462,38129,en,False,/gEU2QniE6E77NI6lCU6MxlNBvIx.jpg,/5XNQBqnBwPA9yT0jZ0p3s8bbLh0.jpg,"12,18,878"
911430,F1,F1,Racing legend Sonny Hayes is coaxed out of retirement to lead a struggling Formula 1 team—and mentor a young hotshot driver—while chasing one more chance at glory.,2025-06-25,60.5141,7.814,2477,en,False,/9PXZIUsSDh4alB80jheWX4fhZmy.jpg,/ZtcGMc204JsNqfjS9lU6udRgpo.jpg,"28,18"
1054867,One Battle After Another,One Battle After Another,"Washed-up revolutionary Bob exists in a state of stoned paranoia, surviving off-grid with his spirited, self-reliant daughter, Willa. When his evil nemesis resurfaces after 16 years and she goes missing, the former radical scrambles to find her, father and daughter both battling the consequences of his past.",2025-09-23,60.4753,7.7,1042,en,False,/m1jFoahEbeQXtx4zArT2FKdbNIj.jpg,/nIX9kqNNe4ERx3wg3TuzRa2deAM.jpg,"28,53,80"
980477,Ne Zha 2,哪吒之魔童闹海,"After a catastrophic event leaves their bodies destroyed, Ne Zha and Ao Bing are granted a fragile second chance at life. As tensions rise between the dragon clans and celestial forces, the two must undergo a series of perilous trials that will test their bond, challenge their identities, and decide the fate of both mortals and immortals.",2025-01-29,58.2725,8.02,423,zh,False,/cb5NyNrqiCNNoDkA8FfxHAtypdG.jpg,/8btfz81bOJ2lC7cujYBTw03wzg3.jpg,"16,14,12,28"
1290879,The Woman in Cabin 10,The Woman in Cabin 10,"On a lavish yacht for an assignment, a journalist sees a passenger go overboard. But when no one believes her, she risks her life to uncover the truth.",2025-10-09,58.1484,6.242,498,en,False,/4kpdyePOlcELQQJcxXPF5GB1Adw.jpg,/9IHZeCusOd7RUaQpUrQJlKqjsUZ.jpg,"9648,53,80"
1299046,Diamonds,Diamanti,"A film director gathers his favorite actresses, those he worked with and those he loved. He wants to make a film about women but he doesn’t reveal much: he observes them, takes cue, until his imaginary throw them into another era, in a past where the noise of the sewing machines fills a workplace handled and populated by women, where men have minor and marginal roles and cinema can be told from another point of view: the one of costume. Between loneliness, passions, anxieties, heartbreaking absence and unbreakable bonds, reality and fiction permeate, as well as the lives of the actresses and those of the characters, the competition and the sisterhood, the visible and the invisible.",2024-12-19,55.9197,7.2,264,it,False,/l9Gwwr7nMQzCsOZ9B0b6FlOWTU6.jpg,/pbcKKVPlySkjr1oMCQyNKZBoI5A.jpg,"35,18"
1007734,Nobody 2,Nobody 2,"Former assassin Hutch Mansell takes his family on a nostalgic vacation to a small-town theme park, only to be pulled back into violence when they clash with a corrupt operator, a crooked sheriff, and a ruthless crime boss.",2025-08-13,55.527,7.081,886,en,False,/xGLoqM9peusKQeuwlSw2Qlhx740.jpg,/mEW9XMgYDO6U0MJcIRqRuSwjzN5.jpg,"28,53"
1502943,Night of the Reaper,Night of the Reaper,"College student Deena visits her home town and is roped into a babysitting gig. Meanwhile, the local sheriff, after receiving a piece of evidence in the mail, falls into an increasingly desperate scavenger hunt involving a series of murders.",2025-10-16,53.6663,7.267,15,en,False,/HVR8cNWzBVoqbEIIqVtLpDvVKn.jpg,/zGRYT2j2uoCcBWICP4u1BakqGT3.jpg,"27,53"
1364608,Anemone,Anemone,"Middle-aged Jem sets out from his suburban home on a journey into the woods, where he reconnects with his estranged hermit brother Ray. Bonded by a mysterious, complicated past, the men share a fraught, if occasionally tender relationship—one that was forever altered by shattering events decades earlier.",2025-10-02,52.7931,6.0,28,en,False,/kXFHVJqZkWtkSRlLpv2clN8KP6E.jpg,/rMCTzLujqBbdc50D6fxrJgACDDV.jpg,18
1403735,Laila,లైలా,"Sonu Model, a renowned beautician from the old city, is forced to disguise himself as Laila, leading to a series of comedic, romantic, and action-packed events. Chaos ensues in this hilarious laugh riot",2025-02-14,51.863,5.2,6,te,False,/aFogllaRGlAhk1nqvVGFpZpl4qU.jpg,/vNUwK5P42m81uG57kKI1WxSZwIQ.jpg,"35,10749"
1175942,The Bad Guys 2,The Bad Guys 2,"The now-reformed Bad Guys are trying (very, very hard) to be good, but instead find themselves hijacked into a high-stakes, globe-trotting heist, masterminded by a new team of criminals they never saw coming: The Bad Girls.",2025-07-24,50.7007,7.754,493,en,False,/c1msaKf1wyuKcmLjjJd6rIBPFcd.jpg,/lB96EMr5A7Og81UhyldJvvy35r.jpg,"10751,35,80,12,16"
1027950,Hotel Dunsmuir,Hotel Dunsmuir,"A young woman with extrasensory perception flees her abusive husband, only to land at an historic hotel containing a sinister presence.",2022-10-04,49.5639,1.7,3,en,False,/qtFnBCvCldbN0R9JFMF83Kv5uPY.jpg,/C1Gq6v2xlioLsyJzZ2UoPtJH2X.jpg,27
1357886,Django Undisputed,Django Undisputed,"Determined to exact his justice, Django faces dangerous challenges and bloody clashes to restore order in a territory dominated by lawlessness and injustice.",2024-04-22,49.1435,6.056,9,it,False,/porcUhC4jqFt72TaxbjOQo2lTzL.jpg,/nvdLEfAWcfTNn45SpwBnLGBmOR1.jpg,37
1277988,Caramelo,Caramelo,"After a life-changing diagnosis, a promising chef finds hope and humor with the help of a fur-midable dog friend.",2025-10-07,47.2734,7.679,148,pt,False,/c4ZEAah5a01cu27w7vT2IAoFogk.jpg,/wBV11KLQcp5pyxl8JW1lBaDshqr.jpg,"35,18"
552524,Lilo & Stitch,Lilo & Stitch,The wildly funny and touching story of a lonely Hawaiian girl and the fugitive alien who helps to mend her broken family.,2025-05-17,46.7913,7.253,1783,en,False,/ckQzKpQJO4ZQDCN5evdpKcfm7Ys.jpg,/7Zx3wDG5bBtcfk8lcnCWDOLM4Y4.jpg,"10751,878,35,12"
1280282,Gabby's Dollhouse: The Movie,Gabby's Dollhouse: The Movie,"Gabby heads out on a road trip with her Grandma Gigi to the urban wonderland of Cat Francisco. But when Gabby's dollhouse, her most prized possession, ends up in the hands of an eccentric cat lady named Vera, Gabby sets off on an adventure through the real world to get the Gabby Cats back together and save the dollhouse before it's too late.",2025-09-13,46.7847,7.0,31,en,False,/t6LLguAmu6iZUN8pWhT7Q0IcaQ5.jpg,/MrcSSzWGsXf2IUJpjPPFLlNbjX.jpg,"10751,35,12,16"
24428,The Avengers,The Avengers,"When an unexpected enemy emerges and threatens global safety and security, Nick Fury, director of the international peacekeeping agency known as S.H.I.E.L.D., finds himself in need of a team to pull the world back from the brink of disaster. Spanning the globe, a daring recruitment effort begins!",2012-04-25,46.0709,7.837,33693,en,False,/RYMX2wcKCBAr24UyPD7xwmjaTn.jpg,/9BBTo63ANSmhC4e6r62OJFuK2GL.jpg,"878,28,12"
1053008,Fight Another Day,Fight Another Day,"Follows a tough cop, who after being transported to a dystopian future, must enter a deadly combat tournament to be able to return to his past.",2024-10-09,44.7273,5.111,18,en,False,/fKnLt1xQV0RdpN6RViowEiD1dFW.jpg,/znMUHotZRTcyIFWFz2bvcpSx6YP.jpg,28
541671,Ballerina,Ballerina,"Taking place during the events of John Wick: Chapter 3 – Parabellum, Eve Macarro begins her training in the assassin traditions of the Ruska Roma.",2025-06-04,44.2856,7.3,1910,en,False,/4sbqReLivBN4e7OOwG6PkSGcKHt.jpg,/1yktYsxkmUtUFTUnCAUaqG6FEiz.jpg,"28,53,80"
1373445,V/H/S/Halloween,V/H/S/Halloween,"A collection of Halloween-themed videotapes unleashes a series of twisted, blood-soaked tales, turning trick-or-treat into a struggle for survival.",2025-09-19,43.7298,6.3,106,en,False,/bvMKSZtN8KAdtlKoYbEi1Zhyaou.jpg,/2JHJtATet58dzGpEwFek0kKGJFo.jpg,"27,53"
1470086,Ligaw,Ligaw,"A sultry woman who charms the hearts of men in a remote province. Dolores, a devoted wife to her paraplegic husband, falls for a young mountaineer. What begins as a reckless escape turns into an affair drenched in passion and secrecy.",2025-05-09,43.4096,6.0,5,tl,False,/yc8V3KEnhvPrzXpdYTXdTvjpOb5.jpg,/heMsXGykub43tU79I9hv6T1vHRc.jpg,"18,10749"
1294203,My Fault: London,My Fault: London,"18-year-old Noah moves from America to London, with her mother who's recently fallen in love with William, a wealthy British businessman. Noah meets William’s son, bad-boy Nick, and soon discovers there is an attraction between them neither can avoid. As Noah spends the summer adjusting to her new life, her devastating past will catch up with her while falling in love for the first time.",2025-02-12,43.3045,7.459,481,en,False,/ttN5D6GKOwKWHmCzDGctAvaNMAi.jpg,/uJK0jjJ8QDOQw5lcNBwu059ht4D.jpg,"10749,18"
3933,Corpse Bride,Corpse Bride,"In a 19th-century European village, a young man about to be married is whisked away to the underworld and wed to a mysterious corpse bride, while his real bride waits bereft in the land of the living.",2005-09-12,42.1791,7.583,9825,en,False,/isb2Qow76GpqYmsSyfdMfsYAjts.jpg,/v23fWgJUEt8EMmvn19btIacxP8E.jpg,"10749,14,16"
934201,The Prank,The Prank,"After their teacher fails them, two high school students decide to teach the imperious, demanding instructor a lesson by falsely accusing her of the murder of a missing student.",2024-03-15,41.876,5.4,13,en,False,/kLDglJRVvImOzZ3VdtxrcOnqEF9.jpg,/12u5EdTUYjdoAfalFSXrC3IMTpJ.jpg,"35,53,80,27"
574475,Final Destination Bloodlines,Final Destination Bloodlines,"Plagued by a violent recurring nightmare, college student Stefanie heads home to track down the one person who might be able to break the cycle and save her family from the grisly demise that inevitably awaits them all.",2025-05-14,41.7726,7.099,2296,en,False,/6WxhEvFsauuACfv8HyoVX6mZKFj.jpg,/uIpJPDNFoeX0TVml9smPrs9KUVx.jpg,"27,9648"
1549292,LEGO Frozen: Operation Puffins,LEGO Frozen: Operation Puffins,"After the events of Frozen, Anna and Elsa want to start fresh in Arendelle, and make the castle feel a bit more comfortable. While they struggle to break free of the bounds of tradition, the Duke of Weselton has other plans for their beloved home alongside a flock of menacing puffins.",2025-10-23,41.378,8.0,5,en,False,/cmW3OY1W1wwjpYEWZu1jJlOcZ56.jpg,/gbAcTyVtPfzCBs58xs6NYKHiPCp.jpg,"16,10751,14"
198663,The Maze Runner,The Maze Runner,"A teenager with no memory of his past finds himself among a group of boys living in a walled enclosure surrounded by a massive, ever-changing maze. As he struggles to adapt to their rules and society, he begins to uncover clues that may lead to escape and the truth behind their confinement.",2014-09-10,41.3017,7.192,17652,en,False,/ode14q7WtDugFDp78fo9lCsmay9.jpg,/eTlcNXGv32zkVI7ZDHhfeaKHXKQ.jpg,"28,9648,878,53"
1035259,The Naked Gun,The Naked Gun,Only one man has the particular set of skills... to lead Police Squad and save the world: Lt. Frank Drebin Jr.,2025-07-30,40.8356,6.573,985,en,False,/hF4pG0CMDzC4GCiiUR9iNrzoW2p.jpg,/kzeBfhXMRWiykBsqoL3UbfaM0S.jpg,"35,28,80"
1119878,Ice Road: Vengeance,Ice Road: Vengeance,"Big rig ice road driver Mike McCann travels to Nepal to scatter his late brother’s ashes on Mt. Everest. While on a packed tour bus traversing the deadly 12,000 ft. terrain of the infamous Road to the Sky, McCann and his mountain guide encounter a group of mercenaries and must fight to save themselves, the busload of innocent travelers, and the local villagers’ homeland.",2025-06-27,40.0253,6.316,495,en,False,/cQN9rZj06rXMVkk76UF1DfBAico.jpg,/2nwhxEyefcIFKwOrSigiamoIzu2.jpg,"28,53,18"
933260,The Substance,The Substance,"A fading celebrity decides to use a black market drug, a cell-replicating substance that temporarily creates a younger, better version of herself.",2024-09-07,39.1251,7.146,5261,en,False,/lqoMzCcZYEFK729d6qzt349fB4o.jpg,/bVSOgrxasVJF6V71T7v2KfBRSzu.jpg,"18,27,878"
155,The Dark Knight,The Dark Knight,"Batman raises the stakes in his war on crime. With the help of Lt. Jim Gordon and District Attorney Harvey Dent, Batman sets out to dismantle the remaining criminal organizations that plague the streets. The partnership proves to be effective, but they soon find themselves prey to a reign of chaos unleashed by a rising criminal mastermind known to the terrified citizens of Gotham as the Joker.",2008-07-16,39.0204,8.524,34613,en,False,/qJ2tW6WMUDux911r6m7haRef0WH.jpg,/6SfX1p5G4EEEDnEulFJeSxgbtSV.jpg,"18,28,80,53"
615453,Ne Zha,哪吒之魔童降世,"A young boy is born as the reincarnation of a demonic power, into a society that hates and fears him. Destined by prophecy to bring destruction to the world, Nezha must choose between good and evil to see if he can change his fate.",2019-07-26,38.6668,7.89,697,zh,False,/phM9bb6s9c60LA8qwsdk7U1N2cS.jpg,/k1pJslKr4aDayw9kWwWnlC3MIP3.jpg,"16,14,12"
14836,Coraline,Coraline,"Wandering her rambling old house in her boring new town, 11-year-old Coraline discovers a hidden door to a strangely idealized version of her life. In order to stay in the fantasy, she must make a frighteningly real sacrifice.",2009-02-05,38.2307,7.9,8608,en,False,/4jeFXQYytChdZYE9JYO7Un87IlW.jpg,/hofnlIyF6bePkgQOpcuRWLvzf15.jpg,"16,10751,14"
1010600,The Strangers: Chapter 1,The Strangers: Chapter 1,"After their car breaks down in an eerie small town, a young couple are forced to spend the night in a remote cabin. Panic ensues as they are terrorized by three masked strangers who strike with no mercy and seemingly no motives.",2024-05-15,38.1822,5.623,599,en,False,/oYsCNpW4k7Pd7ac3uQfBhr2ihtW.jpg,/59AJ2w9tKRSbBpnxKfB5UyIg6Jf.jpg,"27,53"
701387,Bugonia,Bugonia,"Two conspiracy obsessed young men kidnap the high-powered CEO of a major company, convinced that she is an alien intent on destroying planet Earth.",2025-10-23,38.1216,7.87,100,en,False,/oxgsAQDAAxA92mFGYCZllgWkH9J.jpg,/jihTSrMksmU5ujqRZnc6SBFSyfq.jpg,"35,878,80"
1084242,Zootopia 2,Zootopia 2,"After cracking the biggest case in Zootopia's history, rookie cops Judy Hopps and Nick Wilde find their partnership isn't as solid as they thought when Chief Bogo orders them to join the Partners in Crisis counseling program. But it doesn't take long for their partnership to be put to the ultimate test when they find themselves on the twisting trail of a mystery tied to the arrival of a venomous snake in the animal metropolis.",2025-11-26,37.8723,0.0,0,en,False,/im3kGh6dBr0Z6jzSazKm95BhzBX.jpg,/p01Z50Sb0NYLustx0L1IY9nsdWO.jpg,"10751,35,12,16,9648"
1071585,M3GAN 2.0,M3GAN 2.0,"After the underlying tech for M3GAN is stolen and misused by a powerful defense contractor to create a military-grade weapon known as Amelia, M3GAN's creator Gemma realizes that the only option is to resurrect M3GAN and give her a few upgrades, making her faster, stronger, and more lethal.",2025-06-25,37.8145,7.388,939,en,False,/4a63rQqIDTrYNdcnTXdPsQyxVLo.jpg,/cT9ZfwoPDk8JbgkessmQgxAWiaM.jpg,"28,878,53"
1235746,Dead of Winter,Dead of Winter,"A widowed fisherwoman, travelling alone through snowbound northern Minnesota, interrupts the kidnapping of a teenage girl. Hours from the nearest town and with no phone service, she realizes that she is the young girl's only hope.",2025-09-23,36.4936,6.625,48,en,False,/5DcrN62sGAiRJxt8rXSRlSRLwIE.jpg,/ajdB8AoHKrYlOR4yMDMZYLFyfdj.jpg,53
1252309,Tell Me What You Want,Pídeme lo que quieras,"After his father's death, Eric Zimmerman travels to Spain to oversee his company's branches. In Madrid, he falls for Judith and engage in an intense, erotic relationship full of exploration. However, Eric fears his secret may end their affair.",2024-11-29,35.5821,6.198,247,es,False,/k82T5L1utX1G2LhNWeza9nGUKPk.jpg,/8Rseq6hAhAItnTrbECEFt35VoSJ.jpg,"10749,18"
1241982,Moana 2,Moana 2,"After receiving an unexpected call from her wayfinding ancestors, Moana journeys alongside Maui and a new crew to the far seas of Oceania and into dangerous, long-lost waters for an adventure unlike anything she's ever faced.",2024-11-21,35.3735,7.0,2765,en,False,/aLVkiINlIeCkcZIzb7XHzPYgO6L.jpg,/zo8CIjJ2nfNOevqNajwMRO6Hwka.jpg,"10751,35,12,16,14"
1256208,E poi si vede,E poi si vede,"Three houses, three boys, the same goal: to win the competition for a position as an employee in the legal office of the city. Federico, a law graduate, but only to please his father counsellor, hopes for his recommendation; Fabrizio, lawyer on paper but not practicing in life, tries to overcome the umpteenth public test and Luca, who since he was born has always had the road open. Only for one of them will the dream of a lifetime come true, until things take an unexpected turn.",2025-03-27,35.2696,6.0,38,it,False,/2F7BgMdsovQOuckShdK5i0WRjRe.jpg,/4NhEuYwcXWddHmyElmX1cANW3pK.jpg,35
1235294,La Réparation,La Réparation,"A few hours before his third Michelin star was awarded, a renowned chef disappeared with his second chef during a hunting trip. His daughter Clara found herself alone at the head of the restaurant, harassed by paparazzi. Two years later, she received an invitation to a renowned gastronomic congress in Taiwan.",2025-04-16,34.3647,5.2,23,fr,False,/3D6J0Mmn1CWFxD5I0STLvx1luE5.jpg,/kpuFZX615XaVUZ3DzXBQhv4ejAo.jpg,18
1552819,Assassin,Assassin,,2025-09-26,34.3638,4.375,8,zh,False,/fLRCNUz3MsnC0MdhaWpw3hp4Eye.jpg,/gZF6fDtE71Fi3AGcF0PSQAxCgE3.jpg,28
1251717,Vicious,Vicious,"When Polly receives a mysterious box, it comes with one rule: place inside something she needs, something she hates, and something she loves. If she doesn’t obey, it will consume everything—and everyone—she’s ever known.",2025-09-19,34.1561,6.019,129,en,False,/dYxrsyUEdFOOq7xzIuvEb1858Sg.jpg,/da1mXvCrQrFcw6BxovCavBFbIvz.jpg,"27,53"
474350,It Chapter Two,It Chapter Two,"27 years after overcoming the malevolent supernatural entity Pennywise, the former members of the Losers' Club, who have grown up and moved away from Derry, are brought back together by a devastating phone call.",2019-09-04,34.1233,6.834,9154,en,False,/zfE0R94v1E8cuKAerbskfD3VfUt.jpg,/6LVSrgm83UYWlrLTCVGmWhFKYO0.jpg,"27,53"
950396,The Gorge,The Gorge,"Two highly trained operatives grow close from a distance after being sent to guard opposite sides of a mysterious gorge. When an evil below emerges, they must work together to survive what lies within.",2025-02-13,34.0038,7.68,3117,en,False,/7iMBZzVZtG0oBug4TfqDb9ZxAOa.jpg,/9nhjGaFLKtddDPtPaX5EmKqsWdH.jpg,"10749,878,53"
1197306,A Working Man,A Working Man,"Levon Cade left behind a decorated military career in the black ops to live a simple life working construction. But when his boss's daughter, who is like family to him, is taken by human traffickers, his search to bring her home uncovers a world of corruption far greater than he ever could have imagined.",2025-03-26,33.9881,6.702,1614,en,False,/6FRFIogh3zFnVWn7Z6zcYnIbRcX.jpg,/fTrQsdMS2MUw00RnzH0r3JWHhts.jpg,"28,80,53"
1186274,Goldilocks and the Three Bears: Death & Porridge,Goldilocks and the Three Bears: Death & Porridge,A group of friends on a rural getaway must fight for their lives against vengeful masked versions of the fairy tale characters.,2024-06-05,33.9869,4.091,12,en,False,/42C0Yq0TwqMUIWOBPNJ53mwWqyh.jpg,/qxRRUG0LHrgTYqPS3g2dNrXSccx.jpg,"27,53"
9479,The Nightmare Before Christmas,The Nightmare Before Christmas,"Tired of scaring humans every October 31 with the same old bag of tricks, Jack Skellington, the spindly king of Halloween Town, kidnaps Santa Claus and plans to deliver shrunken heads and other ghoulish gifts to children on Christmas morning. But as Christmas approaches, Jack's rag-doll girlfriend, Sally, tries to foil his misguided plans.",1993-10-09,33.4868,7.835,9975,en,False,/oQffRNjK8e19rF7xVYEN8ew0j7b.jpg,/16lk65YfrDFIr6evkWRjSeOOSws.jpg,"14,16,10751"
1022787,Elio,Elio,"Elio, a space fanatic with an active imagination, finds himself on a cosmic misadventure where he must form new bonds with eccentric alien lifeforms, navigate a crisis of intergalactic proportions and somehow discover who he is truly meant to be.",2025-06-18,33.4137,6.96,618,en,False,/7z8jDiTZZco9moIKpTUImFtTy7o.jpg,/7yzpHj2ssuwJERjj4y2MDoZDtRN.jpg,"10751,35,12,16,878"
1382406,Striking Rescue,惊天大营救,A veteran Muay Thai expert goes on a take-no-prisoners mission of revenge after his wife and daughter are brutally murdered by mysterious forces.,2024-12-05,33.114,7.553,133,zh,False,/nML8rOI4GOiiEsXgknuhZeUF8M7.jpg,/yth78N88nwokepnOe5atwPGfTL1.jpg,"28,80,53"
1242898,Predator: Badlands,Predator: Badlands,"Cast out from his clan, a young Predator finds an unlikely ally in a damaged android and embarks on a treacherous journey in search of the ultimate adversary.",2025-11-05,33.1029,0.0,0,en,False,/pHpq9yNUIo6aDoCXEBzjSolywgz.jpg,/e0Z7TWHJrd7vk4kKS9HoxmHaake.jpg,"28,878"
1246049,Dracula: A Love Tale,Dracula,"The story of 15th century Prince Vladimir who curses God following the death of his beloved wife and is turned into a vampire. Later, in 19th century London, he discovers his wife’s doppelgänger and dooms himself by pursuing her.",2025-07-30,32.9307,7.171,222,fr,False,/33SzuggkFlHAy3FE5qM9YmoMSOf.jpg,/nt0HRxlzOXRpPJtl2FmeBCO6MeR.jpg,"27,14,10749"
1364992,Forgive Me Father,Forgive Me Father,"When a number of mutilated bodies are discovered in a countryside mansion, seasoned Detective Taylor is charged with finding the killer. An unlikely suspect reveals that some secrets are taken to the grave...and some secrets TAKE US TO THE GRAVE!",2024-11-04,32.8025,6.333,13,ru,False,/vaLFUD54PGHt83RtgrbrcSB9ZO0.jpg,/ym19HiZFtyCLlPIj1ZwUCoDkxCz.jpg,"53,27,80"
1364992,Forgive Me Father,Forgive Me Father,"When a number of mutilated bodies are discovered in a countryside mansion, seasoned Detective Taylor is charged with finding the killer. An unlikely suspect reveals that some secrets are taken to the grave...and some secrets TAKE US TO THE GRAVE!",2024-11-04,26.5788,6.333,13,ru,False,/vaLFUD54PGHt83RtgrbrcSB9ZO0.jpg,/ym19HiZFtyCLlPIj1ZwUCoDkxCz.jpg,"53,27,80"
671,Harry Potter and the Philosopher's Stone,Harry Potter and the Philosopher's Stone,"Harry Potter has lived under the stairs at his aunt and uncle's house his whole life. But on his 11th birthday, he learns he's a powerful wizard—with a place waiting for him at the Hogwarts School of Witchcraft and Wizardry. As he learns to harness his newfound powers with the help of the school's kindly headmaster, Harry uncovers the truth about his parents' deaths—and about the villain who's to blame.",2001-11-16,32.4745,7.9,28758,en,False,/wuMc08IPKEatf9rnMNXvIDxqP4W.jpg,/bfh9Z3Ghz4FOJAfLOAhmc3ccnHU.jpg,"12,14"
807,Se7en,Se7en,"Two homicide detectives are on a desperate hunt for a serial killer whose crimes are based on the ""seven deadly sins"" in this dark and haunting film that takes viewers from the tortured remains of one victim to the next. The seasoned Det. Somerset researches each sin in an effort to get inside the killer's mind, while his novice partner, Mills, scoffs at his efforts to unravel the case.",1995-09-22,24.8096,8.377,22228,en,False,/191nKfP0ehp3uIvWqgPbFmI4lv9.jpg,/iwgl8zlrrfvfWp9k9Paj8lvFEvS.jpg,"80,9648,53"
666950,An Affair: Kind Daughters-in-law 3,정사 : 착한 며느리들 3,"Seok-joon has two sons; Min-seok, who is married, and Yoon-soo, who is not. Seok-joon tells them he is going to give allowance and his wealth to his daughters-in-law only. Yoon-soo asks one of his lady friends to get married for Seok-joon's money. Min-yeong and Yoon-jin pretend to be Yoon-soo's girlfriends. Then Yoon-jin falls for Seok-joon. The women visit the house often to get on Seok-joon's good side, and so does Yoon-soo's ex-girlfriend, Min-yeong. However, Seok-joon falls in love with Yoon-jin, and Yoon-soo is very disappointed in Seok-joon, who wants to start a new life...",2019-11-20,37.6309,5.333,3,ko,False,/vMkZ311wQLXsICzjcAqVQivqDKs.jpg,/gcbIHh4kTwCgI1IyV4ilSluKkb5.jpg,10749
1296404,Good News,굿뉴스,"When hijackers seize a Japanese flight and demand to fly to Pyongyang, a mysterious mastermind hatches a zany scheme to reroute the plane to Seoul.",2025-09-05,28.9798,7.019,26,ko,False,/uA3o8q7JTym6lUM8pnITwQDfvhO.jpg,/iceD8kM2Dk6hIK2zWodkT0m6zDx.jpg,"53,35,36"
1236470,The Lost Bus,The Lost Bus,A determined father risks everything to rescue a dedicated teacher and her students from a raging wildfire.,2025-09-19,29.9254,7.197,390,en,False,/zpygCOYY1DPBkeUsrrznLRN5js5.jpg,/lL4zajQbvvo63z2CNu36Ue6wpBX.jpg,"18,9648,53"
76600,Avatar: The Way of Water,Avatar: The Way of Water,"Set more than a decade after the events of the first film, learn the story of the Sully family (Jake, Neytiri, and their kids), the trouble that follows them, the lengths they go to keep each other safe, the battles they fight to stay alive, and the tragedies they endure.",2022-12-14,31.2807,7.609,12991,en,False,/t6HIqrRAclMCA60NsSmeqe9RmNV.jpg,/8rpDcsfLJypbO6vREc0547VKqEv.jpg,"28,12,878"
13494,Red Sonja,Red Sonja,A young girl rises from the ashes of tragedy to become the most feared warrior woman of all time: the She-Devil with a Sword.,2025-07-31,31.4551,5.717,122,en,False,/aE3yh4y0h96CZZpLo0UDFMWZAA9.jpg,/xSD0q1FiuZkvHuy7uscOLbmd1hR.jpg,"12,28,14"
742070,Little Nina & The Piano Thieves,Девочка Нина и похитители пианино,"Eight-year-old Nina is an impulsive and emotional girl, quickly igniting ideas and dropping them halfway. Nina would probably have abandoned her new hobby - music - too, but a strange thing happened: the instrument began to behave defiantly, play by itself and provoke the hostess in every possible way. And soon Nina was completely kidnapped along with him. The villains plan to subjugate the world with the help of the piano.",2023-08-31,36.2816,0.0,0,ru,False,/llIZc9lJrVlrtQkKtI1X8FuuvrZ.jpg,/duu9Qpfq4IgftWG1HMXCwIdw7n5.jpg,"10402,14,12,10751"
1049942,Bambi: The Reckoning,Bambi: The Reckoning,"After a mother and son get in a car wreck, they soon become hunted by Bambi, a mutated grief-stricken deer on a deadly rampage seeking revenge for the death of his mother and wife.",2025-07-11,27.2477,6.0,70,en,False,/cy76B7VCiIvqUibGLTgdYlK8kx8.jpg,/sprWRhhekKlJevk1fnzqi9t7rKm.jpg,"27,53"
238,The Godfather,The Godfather,"Spanning the years 1945 to 1955, a chronicle of the fictional Italian-American Corleone crime family. When organized crime family patriarch, Vito Corleone barely survives an attempt on his life, his youngest son, Michael steps in to take care of the would-be killers, launching a campaign of bloody revenge.",1972-03-14,30.5379,8.7,21993,en,False,/3bhkrj58Vtu7enYsRolD1fZdja1.jpg,/jdHsptJbtalEuVhCV5i7kSC3g0x.jpg,"18,80"
1022789,Inside Out 2,Inside Out 2,"Teenager Riley's mind headquarters is undergoing a sudden demolition to make room for something entirely unexpected: new Emotions! Joy, Sadness, Anger, Fear and Disgust, who’ve long been running a successful operation by all accounts, aren’t sure how to feel when Anxiety shows up. And it looks like she’s not alone.",2024-06-11,30.7903,7.551,6210,en,False,/vpnVM9B6NMmQpWeZvzLvDESb2QY.jpg,/p5ozvmdgsmbWe0H8Xk7Rc8SCwAB.jpg,"16,12,35,10751"
533535,Deadpool & Wolverine,Deadpool & Wolverine,"A listless Wade Wilson toils away in civilian life with his days as the morally flexible mercenary, Deadpool, behind him. But when his homeworld faces an existential threat, Wade must reluctantly suit-up again with an even more reluctant Wolverine.",2024-07-24,31.6589,7.572,7874,en,False,/8cdWjvZQUExUUTzyp4t6EDMubfO.jpg,/yDHYTfA3R0jFYba16jBB1ef8oIt.jpg,"28,35,878"
278,The Shawshank Redemption,The Shawshank Redemption,"Imprisoned in the 1940s for the double murder of his wife and her lover, upstanding banker Andy Dufresne begins a new life at the Shawshank prison, where he puts his accounting skills to work for an amoral warden. During his long stretch in prison, Dufresne comes to be admired by the other inmates -- including an older prisoner named Red -- for his integrity and unquenchable sense of hope.",1994-09-23,53.9913,8.711,29112,en,False,/9cqNxx0GxF0bflZmeSMuL5tnGzr.jpg,/v8xVDqt8uCul3c3mgx4VpGCwxJC.jpg,"18,80"
950387,A Minecraft Movie,A Minecraft Movie,"Four misfits find themselves struggling with ordinary problems when they are suddenly pulled through a mysterious portal into the Overworld: a bizarre, cubic wonderland that thrives on imagination. To get back home, they'll have to master this world while embarking on a magical quest with an unexpected, expert crafter, Steve.",2025-03-31,31.2452,6.357,2457,en,False,/yFHHfHcUgGAxziP1C3lLt0q2T4s.jpg,/2Nti3gYAX513wvhp8IiLL6ZDyOm.jpg,"10751,14,35,12,28"
936108,Smurfs,Smurfs,"When Papa Smurf is mysteriously taken by evil wizards, Razamel and Gargamel, Smurfette leads the Smurfs on a mission into the real world to save him. With the help of new friends, the Smurfs must discover what defines their destiny to save the universe.",2025-07-05,26.9315,5.9,212,en,False,/8o6lkhL32xQJeB52IIG1us5BVey.jpg,/9whEVuKte4Qi0LI4TzPf7glinJW.jpg,"16,10751,14"
1233413,Sinners,Sinners,"Trying to leave their troubled lives behind, twin brothers return to their hometown to start again, only to discover that an even greater evil is waiting to welcome them back.",2025-04-16,30.1588,7.513,2783,en,False,/4CkZl1LK6a5rXBqJB2ZP77h3N5i.jpg,/nAxGnGHOsfzufThz20zgmRwKur3.jpg,"27,28,53"
299536,Avengers: Infinity War,Avengers: Infinity War,"As the Avengers and their allies have continued to protect the world from threats too large for any one hero to handle, a new danger has emerged from the cosmic shadows: Thanos. A despot of intergalactic infamy, his goal is to collect all six Infinity Stones, artifacts of unimaginable power, and use them to inflict his twisted will on all of reality. Everything the Avengers have fought for has led up to this moment - the fate of Earth and existence itself has never been more uncertain.",2018-04-25,28.9511,8.235,31085,en,False,/7WsyChQLEftFiDOVTGkv3hFpyyt.jpg,/mDfJG3LC3Dqb67AZ52x3Z0jU0uB.jpg,"12,28,878"
1151031,Bring Her Back,Bring Her Back,"Following the death of their father, a brother and sister are sent to live with a foster mother, only to learn that she is hiding a terrifying secret.",2025-05-28,28.6599,7.423,1097,en,False,/1Q3GlCXGYWELifxANYZ5OVMRVZl.jpg,/2IIKts2A9vnUdM9tTC76B8tDmuZ.jpg,"27,18"
987400,Aztec Batman: Clash of Empires,Batman Azteca: Choque de imperios,"In the time of the Aztec empire, tragedy strikes Yohualli Coatl when his father is murdered by Spanish conquistadors. To warn King Moctezuma and his high priest, Yoka, of imminent danger, Yohualli escapes to Tenochtitlán. There, he trains in the temple of the bat god Tzinacan with his mentor, developing equipment and weaponry to confront the Spanish invasion and avenge his father’s death. Along the way, he encounters key figures like the fierce Jaguar Woman and the conquistador Hernán Cortés.",2025-09-18,29.5365,7.863,102,es,False,/s0Mlo5w4INp3bUdsJo3RaSSMXWz.jpg,/9KSboWOt09J72aMY4x8SS1IaOHK.jpg,"16,28,12,14"
346364,It,It,"In a small town in Maine, seven children known as The Losers Club come face to face with life problems, bullies and a monster that takes the shape of a clown called Pennywise.",2017-09-06,29.7941,7.2,19706,en,False,/9E2y5Q7WlCVNEhP5GiVTjhEhx1o.jpg,/rAQcPrEaPzDRVNX7XX5TWyxCGFN.jpg,"27,53"
986056,Thunderbolts*,Thunderbolts*,"After finding themselves ensnared in a death trap, seven disillusioned castoffs must embark on a dangerous mission that will force them to confront the darkest corners of their pasts.",2025-04-30,29.428,7.32,2824,en,False,/hqcexYHbiTBfDIdDWxrxPtVndBX.jpg,/rthMuZfFv4fqEU4JVbgSW9wQ8rs.jpg,"28,878,12"
81467,Laura's Toys,Laura's Toys,"Archaeologist Walter and his wife Laura are working at a dig on a small island off the coast of Sweden. One day Laura catches Walter having a go at it with his sexy assistant, Anna. Laura calls in her old friend--and former lesbian lover--Hanni to help get her revenge on Walter by having she and Hanni seduce Anna.",1975-01-01,29.2123,4.824,17,en,False,/rqzupBGrChmHG5Wl6wy5vI0V3Vz.jpg,/dCz15Nt6MnVPBxBQwfGaGZPpEX2.jpg,18
9806,The Incredibles,The Incredibles,"Bob Parr has given up his superhero days to log in time as an insurance adjuster and raise his three children with his formerly heroic wife in suburbia. But when he receives a mysterious assignment, it's time to get back into costume.",2004-11-05,29.2085,7.7,18368,en,False,/2LqaLgk4Z226KkgPJuiOQ58wvrm.jpg,/se5Hxz7PArQZOG3Nx2bpfOhLhtV.jpg,"28,12,16,10751"
1130044,Un paseo por el Borne,Un paseo por el Borne,"Martín always wanted to be a film director, but until now he has not been able to fulfill his dream. After living in Madrid for a while, he returns to his native Mallorca to teach a course on the seventh art. His five students will give him back the hope he lost a long time ago and together they will join forces and passion to start a joint project. A priori insignificant course, but one that will change the lives of all of them.",2024-07-25,28.9999,0.0,0,es,False,/1joRjD8XxNoDVaefhSQbbTzmiCU.jpg,/e1U09ETKN4UV1AfVhuRvtpM5JLZ.jpg,"18,35"
1221415,Brute 1976,Brute 1976,"In 1976 a group of people in the desert for a photo shoot, stumble upon an abandoned town called Savage. But they are not alone. A family of masked psychopaths have claimed Savage as their own and are hell bent on living up to its name.",2024-03-13,28.7284,4.295,22,en,False,/jrbYuJNMRPzdQ5RZ2FGKfQbD1Qz.jpg,/pJg0uCexeVKmr24x9OFvs7lwRlp.jpg,27
27205,Inception,Inception,"Cobb, a skilled thief who commits corporate espionage by infiltrating the subconscious of his targets is offered a chance to regain his old life as payment for a task considered to be impossible: ""inception"", the implantation of another person's idea into a target's subconscious.",2010-07-15,28.5355,8.37,38136,en,False,/ljsZTbVsrQSqZgWeep2B1QiDKuh.jpg,/8ZTVqvKDQ8emSGUEMjsS4yHAwrp.jpg,"28,878,12"
597,Titanic,Titanic,"101-year-old Rose DeWitt Bukater tells the story of her life aboard the Titanic, 84 years later. A young Rose boards the ship with her mother and fiancé. Meanwhile, Jack Dawson and Fabrizio De Rossi win third-class tickets aboard the ship. Rose tells the whole story from Titanic's departure through to its death—on its first and last voyage—on April 15, 1912.",1997-11-18,28.3117,7.904,26430,en,False,/9xjZS2rlVxm8SFx8kPC3aIGCOYQ.jpg,/tupgjqhWx5oieQrdyesO3aclUX9.jpg,"18,10749"
120,The Lord of the Rings: The Fellowship of the Ring,The Lord of the Rings: The Fellowship of the Ring,"Young hobbit Frodo Baggins, after inheriting a mysterious ring from his uncle Bilbo, must leave his home in order to keep it from falling into the hands of its evil creator. Along the way, a fellowship is formed to protect the ringbearer and make sure that the ring arrives at its final destination: Mt. Doom, the only place where it can be destroyed.",2001-12-18,28.3075,8.425,26523,en,False,/6oom5QYQ2yQTMJIbnvbkBL9cHo6.jpg,/z51Wzj94hvAIsWfknifKTqKJRwp.jpg,"12,14,28"
1081196,Four Mothers,Four Mothers,"Edward, a gay novelist saddled with caring for his elderly mother, finally finds himself on the brink of literary success. With pressure to go on a US book tour mounting, the last thing Edward needs is his friends jetting off to Spain for an impromptu Pride holiday, leaving their mothers on his doorstep! Over a chaotic weekend, he has to juggle his burgeoning career with the care of four eccentric, combative, and wildly different ladies.",2025-04-04,28.0913,6.9,14,en,False,/bvpXFlOuSYN0AOo9KAd0XOEs8mX.jpg,/wiTEgZgmC312MLYHwyaWUEK1iHX.jpg,"35,18"
986097,HIM,HIM,"After suffering a potentially career-ending brain trauma, Cameron Cade receives a lifeline when his hero, legendary eight-time Championship quarterback and cultural megastar Isaiah White, offers to train Cam at Isaiah's isolated compound that he shares with his celebrity influencer wife. But as Cam's training accelerates, Isaiah's charisma begins to curdle into something darker.",2025-09-18,27.9943,5.84,172,en,False,/qPJzcYR2f1O1uynYBCVPPJuOiAH.jpg,/jzzpCJWkVZZwAxzzLmtYN0MBWFd.jpg,"27,9648"
269149,Zootopia,Zootopia,"Determined to prove herself, Officer Judy Hopps, the first bunny on Zootopia's police force, jumps at the chance to crack her first case - even if it means partnering with scam-artist fox Nick Wilde to solve the mystery.",2016-02-11,27.6327,7.751,17021,en,False,/hlK0e0wAQ3VLuJcsfIYPvb4JVud.jpg,/9tOkjBEiiGcaClgJFtwocStZvIT.jpg,"16,12,10751,35"
537915,After,After,"Tessa Young is a dedicated student, dutiful daughter and loyal girlfriend to her high school sweetheart. Entering her first semester of college, Tessa's guarded world opens up when she meets Hardin Scott, a mysterious and brooding rebel who makes her question all she thought she knew about herself -- and what she wants out of life.",2019-04-11,27.5756,7.115,8426,en,False,/u3B2YKUjWABcxXZ6Nm9h10hLUbh.jpg,/997ToEZvF2Obp9zNZbY5ELVnmrW.jpg,"10749,18"
1011477,Karate Kid: Legends,Karate Kid: Legends,"After a family tragedy, kung fu prodigy Li Fong is uprooted from his home in Beijing and forced to move to New York City with his mother. When a new friend needs his help, Li enters a karate competition – but his skills alone aren't enough. Li's kung fu teacher Mr. Han enlists original Karate Kid Daniel LaRusso for help, and Li learns a new way to fight, merging their two styles into one for the ultimate martial arts showdown.",2025-05-08,27.4439,7.103,934,en,False,/AEgggzRr1vZCLY86MAp93li43z.jpg,/7Q2CmqIVJuDAESPPp76rWIiA0AD.jpg,"28,12,18"
1352755,Maintenance Required,Maintenance Required,"Charlie, the fiercely independent owner of an all-female mechanic shop, is forced to reevaluate her future when a flashy corporate competitor moves in across the street. Seeking comfort, she turns to an anonymous online confidant - unaware she's confiding in Beau, the very rival threatening her business. As sparks fly both online and off, the truth threatens to blow everything apart.",2025-10-07,27.27,5.799,97,en,False,/lM7Q1y0pmHPWZCPmGkAWGKdgu6W.jpg,/uxRCrEMJlfCILQhkcDuDpadkQC9.jpg,"10749,35"
1100988,28 Years Later,28 Years Later,"Twenty-eight years since the rage virus escaped a biological weapons laboratory, now, still in a ruthlessly enforced quarantine, some have found ways to exist amidst the infected. One such group lives on a small island connected to the mainland by a single, heavily-defended causeway. When one member departs on a mission into the dark heart of the mainland, he discovers secrets, wonders, and horrors that have mutated not only the infected but other survivors as well.",2025-06-18,27.2136,6.672,1641,en,False,/mIg1qCkVxnAlM2TK3RUF0tdEXlE.jpg,/zav0v7gLWMu6pVwgsIAwt11GJ4C.jpg,"27,53,878"
138843,The Conjuring,The Conjuring,"Paranormal investigators Ed and Lorraine Warren work to help a family terrorized by a dark presence in their farmhouse. Forced to confront a powerful entity, the Warrens find themselves caught in the most terrifying case of their lives.",2013-07-18,27.0852,7.539,12296,en,False,/wVYREutTvI2tmxr6ujrHT704wGF.jpg,/aQCCpAIdWAp6wyFgjMry4okwrZo.jpg,"27,53"
19995,Avatar,Avatar,"In the 22nd century, a paraplegic Marine is dispatched to the moon Pandora on a unique mission, but becomes torn between following orders and protecting an alien civilization.",2009-12-15,26.9729,7.593,32751,en,False,/gKY6q7SjCkAU6FqvqWybDYgUKIF.jpg,/vL5LR6WdxWPjLPFRLe133jXWsh5.jpg,"28,12,14,878"
411,"The Chronicles of Narnia: The Lion, the Witch and the Wardrobe","The Chronicles of Narnia: The Lion, the Witch and the Wardrobe","Siblings Lucy, Edmund, Susan and Peter step through a magical wardrobe and find the land of Narnia. There, they discover a charming, once peaceful kingdom that has been plunged into eternal winter by the evil White Witch, Jadis. Aided by the wise and magnificent lion, Aslan, the children lead Narnia into a spectacular, climactic battle to be free of the Witch's glacial powers forever.",2005-12-07,26.8239,7.135,11134,en,False,/iREd0rNCjYdf5Ar0vfaW32yrkm.jpg,/AuV99eQivVWuk2AOSM6hYh9QRPQ.jpg,"12,10751,14"
22,Pirates of the Caribbean: The Curse of the Black Pearl,Pirates of the Caribbean: The Curse of the Black Pearl,"After Port Royal is attacked and pillaged by a mysterious pirate crew, capturing the governor's daughter Elizabeth Swann in the process, William Turner asks free-willing pirate Jack Sparrow to help him locate the crew's ship—The Black Pearl—so that he can rescue the woman he loves.",2003-07-09,26.8175,7.8,21546,en,False,/z8onk7LV9Mmw6zKz4hT6pzzvmvl.jpg,/rrCc7dONpjAt8N8VO0dGpdIXCVU.jpg,"12,14,28"
402431,Wicked,Wicked,"In the land of Oz, ostracized and misunderstood green-skinned Elphaba is forced to share a room with the popular aristocrat Glinda at Shiz University, and the two's unlikely friendship is tested as they begin to fulfill their respective destinies as Glinda the Good and the Wicked Witch of the West.",2024-11-20,27.9929,6.9,2469,en,False,/xDGbZ0JJ3mYaGKy4Nzd9Kph6M9L.jpg,/uKb22E0nlzr914bA9KyA5CVCOlV.jpg,"18,10749,14"
385687,Fast X,Fast X,"Over many missions and against impossible odds, Dom Toretto and his family have outsmarted, out-nerved and outdriven every foe in their path. Now, they confront the most lethal opponent they've ever faced: A terrifying threat emerging from the shadows of the past who's fueled by blood revenge, and who is determined to shatter this family and destroy everything—and everyone—that Dom loves, forever.",2023-05-17,26.1173,7.017,6089,en,False,/fiVW06jE7z9YnO4trhaMEdclSiC.jpg,/4XM8DUTQb3lhLemJC51Jx4a2EuA.jpg,"28,80,53,12,9648"
749170,Heads of State,Heads of State,"The UK Prime Minister and US President have a public rivalry that risks their countries' alliance. But when they become targets of a powerful enemy, they're forced to rely on each other as they go on a wild, multinational run. Allied with Noel, a brilliant MI6 agent, they must find a way to thwart a conspiracy that threatens the free world.",2025-06-24,24.6691,6.884,811,en,False,/lVgE5oLzf7ABmzyASEVcjYyHI41.jpg,/vJbEUMeI2AxBUZKjP6ZVeVNNTLh.jpg,"28,53,35"
1196364,Thamma,थामा,"Two destined lovers battle supernatural forces, family ties, and nature itself to defend their forbidden romance in a mystical world where ancient powers and prophecies threaten to keep them apart.",2025-10-21,24.898,7.071,7,hi,False,/d1SbIg1r1eowrCWsxHO6BJqQQwN.jpg,/e5bFtChejaGio218NejT0jXgSux.jpg,"35,27"
1242011,Together,Together,"With a move to the countryside already testing the limits of a couple's relationship, a supernatural encounter begins an extreme transformation of their love, their lives, and their flesh.",2025-07-28,25.1913,7.162,647,en,False,/m52XidzKx94bKlToZfEXUnL3pdy.jpg,/zcYMcKjcp4WZ08gUuEh2RtJQDAi.jpg,"27,10749"
986206,Night Carnage,Night Carnage,A blogger who is also a werewolf meets a dashing playboy with a dark secret of his own. Starring Logan Andrews and Christian Howard.,2025-07-29,25.7326,5.855,55,fr,False,/w0wjPQKhlqisSbylf1sWZiNyc2h.jpg,/iZztGzckOMByRRQgsFh2yk3udkU.jpg,"28,27,10749"
1083433,I Know What You Did Last Summer,I Know What You Did Last Summer,"When five friends inadvertently cause a deadly car accident, they cover up their involvement and make a pact to keep it a secret rather than face the consequences. A year later, their past comes back to haunt them and they're forced to confront a horrifying truth: someone knows what they did last summer…and is hell-bent on revenge.",2025-07-16,23.2405,5.822,501,en,False,/6BfZLQYj97NO1yD5JkSAf5vWzGj.jpg,/gVPjIcYo1gTaACF43OMsralrcUS.jpg,"27,9648,53"
1100988,28 Years Later,28 Years Later,"Twenty-eight years since the rage virus escaped a biological weapons laboratory, now, still in a ruthlessly enforced quarantine, some have found ways to exist amidst the infected. One such group lives on a small island connected to the mainland by a single, heavily-defended causeway. When one member departs on a mission into the dark heart of the mainland, he discovers secrets, wonders, and horrors that have mutated not only the infected but other survivors as well.",2025-06-18,25.6691,6.671,1642,en,False,/mIg1qCkVxnAlM2TK3RUF0tdEXlE.jpg,/zav0v7gLWMu6pVwgsIAwt11GJ4C.jpg,"27,53,878"
672,Harry Potter and the Chamber of Secrets,Harry Potter and the Chamber of Secrets,"Cars fly, trees fight back, and a mysterious house-elf comes to warn Harry Potter at the start of his second year at Hogwarts. Adventure and danger await when bloody writing on a wall announces: The Chamber Of Secrets Has Been Opened. To save Hogwarts will require all of Harry, Ron and Hermione’s magical abilities and courage.",2002-11-13,25.1396,7.705,22931,en,False,/sdEOH0992YZ0QSxgXNIGLq1ToUi.jpg,/1stUIsjawROZxjiCMtqqXqgfZWC.jpg,"12,14"
870028,The Accountant²,The Accountant²,"When an old acquaintance is murdered, Wolff is compelled to solve the case. Realizing more extreme measures are necessary, Wolff recruits his estranged and highly lethal brother, Brax, to help. In partnership with Marybeth Medina, they uncover a deadly conspiracy, becoming targets of a ruthless network of killers who will stop at nothing to keep their secrets buried.",2025-04-23,23.9443,7.128,1440,en,False,/lUvfTcOZiK0sdcX0WNLPbMyKjGm.jpg,/yBDvgpyynDsbMyK21FoQu1c2wYR.jpg,"9648,80,53"
674,Harry Potter and the Goblet of Fire,Harry Potter and the Goblet of Fire,"When Harry Potter's name emerges from the Goblet of Fire, he becomes a competitor in a grueling battle for glory among three wizarding schools—the Triwizard Tournament. But since Harry never submitted his name for the Tournament, who did? Now Harry must confront a deadly dragon, fierce water demons and an enchanted maze only to find himself in the cruel grasp of He Who Must Not Be Named.",2005-11-16,27.5274,7.8,21542,en,False,/fECBtHlr0RB3foNHDiCBXeg9Bv9.jpg,/8f9dnOtpArDrOMEylpSN9Sc6fuz.jpg,"12,14"
939243,Sonic the Hedgehog 3,Sonic the Hedgehog 3,"Sonic, Knuckles, and Tails reunite against a powerful new adversary, Shadow, a mysterious villain with powers unlike anything they have faced before. With their abilities outmatched in every way, Team Sonic must seek out an unlikely alliance in hopes of stopping Shadow and protecting the planet.",2024-12-19,23.9664,7.652,2984,en,False,/d8Ryb8AunYAuycVKDp5HpdWPKgC.jpg,/zOpe0eHsq0A2NvNyBbtT6sj53qV.jpg,"28,878,35,10751"
106646,The Wolf of Wall Street,The Wolf of Wall Street,"A New York stockbroker refuses to cooperate in a large securities fraud case involving corruption on Wall Street, corporate banking world and mob infiltration. Based on Jordan Belfort's autobiography.",2013-12-25,22.3546,8.0,25108,en,False,/kW9LmvYHAaS9iA0tHmZVq8hQYoq.jpg,/7Nwnmyzrtd0FkcRyPqmdzTPppQa.jpg,"80,18,35"
122,The Lord of the Rings: The Return of the King,The Lord of the Rings: The Return of the King,"As armies mass for a final battle that will decide the fate of the world--and powerful, ancient forces of Light and Dark compete to determine the outcome--one member of the Fellowship of the Ring is revealed as the noble heir to the throne of the Kings of Men. Yet, the sole hope for triumph over evil lies with a brave hobbit, Frodo, who, accompanied by his loyal friend Sam and the hideous, wretched Gollum, ventures deep into the very dark heart of Mordor on his seemingly impossible quest to destroy the Ring of Power.​",2003-12-17,24.9568,8.49,25595,en,False,/rCzpDGLbOoPwLjy3OAm5NUPOTrC.jpg,/2u7zbn8EudG6kLlBzUYqP8RyFU4.jpg,"12,14,28"
216015,Fifty Shades of Grey,Fifty Shades of Grey,"When college senior Anastasia Steele steps in for her sick roommate to interview prominent businessman Christian Grey for their campus paper, little does she realize the path her life will take. Christian, as enigmatic as he is rich and powerful, finds himself strangely drawn to Ana, and she to him. Though sexually inexperienced, Ana plunges headlong into an affair -- and learns that Christian's true sexual proclivities push the boundaries of pain and pleasure.",2015-02-11,23.9106,5.879,12145,en,False,/63kGofUkt1Mx0SIL4XI4Z5AoSgt.jpg,/7IGKrY1f1KfwMipx9wZC4NRgIdF.jpg,"18,10749,53"
605,The Matrix Revolutions,The Matrix Revolutions,The human city of Zion defends itself against the massive invasion of the machines as Neo fights to end the war at another front while also opposing the rogue Agent Smith.,2003-11-05,14.7768,6.746,10398,en,False,/t1wm4PgOQ8e4z1C6tk1yDNrps4T.jpg,/533xAMhhVyjTy8hwMUFEt5TuDfR.jpg,"12,28,53,878"
519182,Despicable Me 4,Despicable Me 4,"Gru and Lucy and their girls—Margo, Edith and Agnes—welcome a new member to the Gru family, Gru Jr., who is intent on tormenting his dad. Gru also faces a new nemesis in Maxime Le Mal and his femme fatale girlfriend Valentina, forcing the family to go on the run.",2024-06-20,23.6999,7.013,2962,en,False,/wWba3TaojhK7NdycRhoQpsG0FaH.jpg,/twsxsfao6ZOVvT8LfudH603MMi6.jpg,"10751,35,16,878"
808,Shrek,Shrek,"It ain't easy bein' green -- especially if you're a likable (albeit smelly) ogre named Shrek. On a mission to retrieve a gorgeous princess from the clutches of a fire-breathing dragon, Shrek teams up with an unlikely compatriot -- a wisecracking donkey.",2001-05-18,25.1506,7.752,18068,en,False,/o04jZs5SXhbvhqO4981W7KJXOWZ.jpg,/40Wtp7kMG6mZ4d5T1jfrd8qrvD4.jpg,"16,35,14,12,10751"
1028248,As Good as Dead,As Good as Dead,An ex-cop in self-imposed witness protection in Mexico becomes a target when a fight video of his apprentice goes viral.,2022-12-16,24.6577,6.227,77,en,False,/qqQPxxRQqfLrq0ubfDQCwhJHZ91.jpg,/or8y8JFF0vR3N9ap0Vdhf9tfTxQ.jpg,"28,80"
1326106,Kaiju No. 8: Mission Recon,アニメ『怪獣８号』第１期総集編／同時上映「保科の休日」,"In a Kaiju-filled Japan, Kafka Hibino works in monster disposal. After reuniting with his childhood friend Mina Ashiro, a rising star in the anti-Kaiju Defense Force, he decides to pursue his abandoned dream of joining the Force, when he suddenly transforms into the powerful ""Kaiju No. 8."" An action-packed recap of the first season of Kaiju No. 8 and a new original episode, Hoshina's Day Off.",2025-03-28,24.8705,7.901,71,ja,False,/2mU8qUbYKlHBdmDDbCmKLuqXd1m.jpg,/iZ0ZSnhmHB3k1KDkDzEz65f5iia.jpg,"16,28,878"
107257,A Perfect Ending,A Perfect Ending,"This intimate drama follows Rebecca, a woman who has kept her sexuality a secret from her friends but chooses to reveal it to a stranger. While Rebecca's revelations may not yield the results she expects, a perfect ending is still in reach.",2012-06-01,24.248,6.223,130,en,False,/mjwWEwE1xdbtFGCOgeXi5jvQnOU.jpg,/vGjUCw8pKjYi1dq2hwC5kdqkLhs.jpg,"18,10749"
1125257,Freakier Friday,Freakier Friday,"Years after Tess and Anna endured an identity crisis, Anna now has a daughter of her own and a soon-to-be stepdaughter. As they navigate the myriad challenges that come when two families merge, Tess and Anna discover lightning might indeed strike twice.",2025-08-06,24.2287,6.978,341,en,False,/9wV65OmsjLAqBfDnYTkMPutXH8j.jpg,/yQy9Y3p5INwkfTuHSnzYnz4MCV3.jpg,"35,14,10751"
823219,Flow,Straume,"A solitary cat, displaced by a great flood, finds refuge on a boat with various species and must navigate the challenges of adapting to a transformed world together.",2024-08-29,24.2034,8.132,2395,lv,False,/zME0Ul0w48MKkYBnFRn40M5qgLh.jpg,/ku9p7ciLeuV1R8pqJGMgawaaVE8.jpg,"16,12,14,10751"
496243,Parasite,기생충,"All unemployed, Ki-taek's family takes peculiar interest in the wealthy and glamorous Parks for their livelihood until they get entangled in an unexpected incident.",2019-05-30,24.0927,8.496,19640,ko,False,/7IiTTgloJzvGI1TAYymCfbfl3vT.jpg,/hiKmpZMGZsrkA3cdce8a7Dpos1j.jpg,"35,53,18"
1422211,The Pursuit of Lust,Дур тачаалын эрэлд,"Sensual Mongolian actress E.Khandmaa stars in this romantic drama, which highlights a housewife’s longing for pleasure her passionless husband fails to provide. That is until her spouse’s business client eventually gives in to her desires.",2025-01-23,24.0266,6.25,8,mn,False,/affsHDxbgTpCHQbC5GVyZCbuukO.jpg,/ipgr36Ewu2nWd4hoPkNEVgnSxtr.jpg,"10749,18"
1045205,Someday We'll Tell Each Other Everything,Irgendwann werden wir uns alles erzählen,"Set in a warm summer in 1990 in former East Germany, it follows a young woman who begins a relationship with a charismatic farmer who is twice her age.",2023-04-13,23.7999,5.711,45,de,False,/2tcpYiiLFXsFqFWkEbINwzDAXKL.jpg,/8rStn8Axrw8ZFX2yxaTEPRFk9HU.jpg,18
1275151,She Walks in Darkness,Un fantasma en la batalla,"A young agent leaves everything behind to pose as a member of ETA, risking her life to uncover the terrorists' hideouts in the south of France.",2025-10-03,23.7949,6.769,54,es,False,/lR7TH2IlUJWh92HuiYrlb8rNuCp.jpg,/l2Fk70FTuBPDx32gTsVUrRvF8jC.jpg,"18,53"
912649,Venom: The Last Dance,Venom: The Last Dance,"Eddie and Venom are on the run. Hunted by both of their worlds and with the net closing in, the duo are forced into a devastating decision that will bring the curtains down on Venom and Eddie's last dance.",2024-10-22,23.7798,6.7,3823,en,False,/vGXptEdgZIhPg3cGlc7e8sNPC2e.jpg,/3V4kLQg0kSqPLctI5ziYWabAZYF.jpg,"28,878,12"
1151334,Eenie Meanie,Eenie Meanie,A former teenage getaway driver gets dragged back into her unsavory past when a former employer offers her a chance to save the life of her chronically unreliable ex-boyfriend.,2025-08-21,23.6625,6.345,232,en,False,/12Va3oO3oYUdOd75zM57Nx1976a.jpg,/8jeDyvFQKgss36FbGAmGQVzPXlH.jpg,"53,28,35"
1118770,Nineteen,Diciannove,"Leonardo, a 19-year-old student, leaves his hometown of Palermo to study economics in London. He soon grows restless and enrolls at the University of Siena to study literature before dropping out of school to study classics on his own. The following year, he travels to Turin where he meets a man who will help him on his journey of self-discovery.",2025-02-27,23.5702,5.8,8,it,False,/4rC6hYYVUG7F8bAi9BPzhp00W5G.jpg,/uyKgC46BWaq3GwVxsr8AB1H65T9.jpg,18
872585,Oppenheimer,Oppenheimer,The story of J. Robert Oppenheimer's role in the development of the atomic bomb during World War II.,2023-07-19,23.5108,8.049,10871,en,False,/8Gxv8gSFCU0XGDykEGv7zR1n2ua.jpg,/neeNHeXjMF5fXoCJRsOmkNGC7q.jpg,"18,36"
1419406,The Shadow's Edge,捕风追影,Macau Police brings the tracking expert police officer out of retirement to help catch a dangerous group of professional thieves.,2025-08-16,23.4482,7.2,35,zh,False,/e0RU6KpdnrqFxDKlI3NOqN8nHL6.jpg,/4BtL2vvEufDXDP4u6xQjjQ1Y2aT.jpg,"28,80,53"
1565344,Parking,Parking,"Mateo, a criminal under house arrest, works at a parking garage in downtown Buenos Aires and plans to escape. His routine is disrupted when Lara pays for an overnight stay and minutes later an armed man breaks into the place. Both witness a murder that triggers a deadly chase through ramps and levels of the building, forcing them to fight against time and criminals to escape alive from the labyrinth.",2025-10-17,23.4277,8.0,1,es,False,/oNxANEMPx3sbj6BY9VtZxrXCMDF.jpg,/9LXVLQrTedD5xpaIo4KDlVhEjyz.jpg,"35,18"
634649,Spider-Man: No Way Home,Spider-Man: No Way Home,"Peter Parker is unmasked and no longer able to separate his normal life from the high-stakes of being a super-hero. When he asks for help from Doctor Strange the stakes become even more dangerous, forcing him to discover what it truly means to be Spider-Man.",2021-12-15,23.3373,7.938,21230,en,False,/1g0dhYtq4irTY1GPXvft6k4YLjm.jpg,/zD5v1E4joAzFvmAEytt7fM3ivyT.jpg,"28,12,878"
845781,Red One,Red One,"After Santa Claus (codename: Red One) is kidnapped, the North Pole's Head of Security must team up with the world's most infamous tracker in a globe-trotting, action-packed mission to save Christmas.",2024-10-31,23.2159,7.038,2697,en,False,/cdqLnri3NEGcmfnqwk2TSIYtddg.jpg,/rOmUuQEZfPXglwFs5ELLLUDKodL.jpg,"28,35,14"
83533,Avatar: Fire and Ash,Avatar: Fire and Ash,"In the wake of the devastating war against the RDA and the loss of their eldest son, Jake Sully and Neytiri face a new threat on Pandora: the Ash People, a violent and power-hungry Na'vi tribe led by the ruthless Varang. Jake's family must fight for their survival and the future of Pandora in a conflict that pushes them to their emotional and physical limits.",2025-12-17,23.215,0.0,0,en,False,/5bxrxnRaxZooBAxgUVBZ13dpzC7.jpg,/pN3eaCl3sqwrerU8UNdp40F2mK0.jpg,"878,12,14"
58008,Night Nurse,L'infermiera di notte,"A dentist invites a elderly patient to stay at his home to recover, unaware that he is a jewel thief. He plans to steal a valuable diamond but then runs into a beautiful nurse who, aside from constantly stripping nude, has plans of her own.",1979-02-07,23.1111,5.14,50,it,False,/tzhBAhN35YjobVG3Ubm3ERnzhBL.jpg,/oLp558MB4gPia9ZZB4odB7C2Fo7.jpg,35
635302,Demon Slayer -Kimetsu no Yaiba- The Movie: Mugen Train,劇場版「鬼滅の刃」無限列車編,"Tanjiro Kamado, joined with Inosuke Hashibira, a boy raised by boars who wears a boar's head, and Zenitsu Agatsuma, a scared boy who reveals his true power when he sleeps, boards the Infinity Train on a new mission with the Fire Hashira, Kyojuro Rengoku, to defeat a demon who has been tormenting the people and killing the demon slayers who oppose it!",2020-10-16,23.0326,8.209,4299,ja,False,/h8Rb9gBr48ODIwYUttZNYeMWeUU.jpg,/xPpXYnCWfjkt3zzE0dpCNME1pXF.jpg,"16,28,14,53"
947512,Living Large,Život k sežrání,"A 12-year-old boy faces bullying due to his weight and decides to take charge of his life by adopting a healthier lifestyle and trying to win the heart of the girl he admires. Through his journey, he learns the importance of positivity and standing against body shaming, discovering that true confidence comes from embracing who you are.",2024-10-17,22.8826,6.125,9,cs,False,/vezwk5UoGlAz3DT4TBrXwqVRhg1.jpg,/5ldLiJ42RzspBuAhZ6rFz001Lyl.jpg,"16,10751,35"
1034541,Terrifier 3,Terrifier 3,"Five years after surviving Art the Clown's Halloween massacre, Sienna and Jonathan are still struggling to rebuild their shattered lives. As the holiday season approaches, they try to embrace the Christmas spirit and leave the horrors of the past behind. But just when they think they're safe, Art returns, determined to turn their holiday cheer into a new nightmare. The festive season quickly unravels as Art unleashes his twisted brand of terror, proving that no holiday is safe.",2024-10-09,22.822,6.8,1768,en,False,/ju10W5gl3PPK3b7TjEmVOZap51I.jpg,/18TSJF1WLA4CkymvVUcKDBwUJ9F.jpg,"27,53"
